{
	"partitions" : [
		{
			"name" : "Top",
			"pins" : [
				{
					"name" : "output_vector[0]",
					"strict" : false
				},
				{
					"name" : "output_vector[1]",
					"strict" : false
				},
				{
					"name" : "output_vector[2]",
					"strict" : false
				},
				{
					"name" : "output_vector[3]",
					"strict" : false
				},
				{
					"name" : "output_vector[4]",
					"strict" : false
				},
				{
					"name" : "output_vector[5]",
					"strict" : false
				},
				{
					"name" : "output_vector[6]",
					"strict" : false
				},
				{
					"name" : "output_vector[7]",
					"strict" : false
				},
				{
					"name" : "output_vector[8]",
					"strict" : false
				},
				{
					"name" : "output_vector[9]",
					"strict" : false
				},
				{
					"name" : "output_vector[10]",
					"strict" : false
				},
				{
					"name" : "output_vector[11]",
					"strict" : false
				},
				{
					"name" : "output_vector[12]",
					"strict" : false
				},
				{
					"name" : "output_vector[13]",
					"strict" : false
				},
				{
					"name" : "output_vector[14]",
					"strict" : false
				},
				{
					"name" : "output_vector[15]",
					"strict" : false
				},
				{
					"name" : "output_vector[16]",
					"strict" : false
				},
				{
					"name" : "output_vector[17]",
					"strict" : false
				},
				{
					"name" : "output_vector[18]",
					"strict" : false
				},
				{
					"name" : "output_vector[19]",
					"strict" : false
				},
				{
					"name" : "output_vector[20]",
					"strict" : false
				},
				{
					"name" : "output_vector[21]",
					"strict" : false
				},
				{
					"name" : "output_vector[22]",
					"strict" : false
				},
				{
					"name" : "output_vector[23]",
					"strict" : false
				},
				{
					"name" : "output_vector[24]",
					"strict" : false
				},
				{
					"name" : "output_vector[25]",
					"strict" : false
				},
				{
					"name" : "output_vector[26]",
					"strict" : false
				},
				{
					"name" : "output_vector[27]",
					"strict" : false
				},
				{
					"name" : "output_vector[28]",
					"strict" : false
				},
				{
					"name" : "output_vector[29]",
					"strict" : false
				},
				{
					"name" : "output_vector[30]",
					"strict" : false
				},
				{
					"name" : "output_vector[31]",
					"strict" : false
				},
				{
					"name" : "output_vector[32]",
					"strict" : false
				},
				{
					"name" : "clk",
					"strict" : false
				},
				{
					"name" : "input_vector[32]",
					"strict" : false
				},
				{
					"name" : "input_vector[64]",
					"strict" : false
				},
				{
					"name" : "input_vector[29]",
					"strict" : false
				},
				{
					"name" : "input_vector[61]",
					"strict" : false
				},
				{
					"name" : "input_vector[30]",
					"strict" : false
				},
				{
					"name" : "input_vector[62]",
					"strict" : false
				},
				{
					"name" : "input_vector[31]",
					"strict" : false
				},
				{
					"name" : "input_vector[63]",
					"strict" : false
				},
				{
					"name" : "input_vector[57]",
					"strict" : false
				},
				{
					"name" : "input_vector[25]",
					"strict" : false
				},
				{
					"name" : "input_vector[26]",
					"strict" : false
				},
				{
					"name" : "input_vector[58]",
					"strict" : false
				},
				{
					"name" : "input_vector[27]",
					"strict" : false
				},
				{
					"name" : "input_vector[59]",
					"strict" : false
				},
				{
					"name" : "input_vector[28]",
					"strict" : false
				},
				{
					"name" : "input_vector[60]",
					"strict" : false
				},
				{
					"name" : "input_vector[55]",
					"strict" : false
				},
				{
					"name" : "input_vector[23]",
					"strict" : false
				},
				{
					"name" : "input_vector[24]",
					"strict" : false
				},
				{
					"name" : "input_vector[56]",
					"strict" : false
				},
				{
					"name" : "input_vector[53]",
					"strict" : false
				},
				{
					"name" : "input_vector[21]",
					"strict" : false
				},
				{
					"name" : "input_vector[22]",
					"strict" : false
				},
				{
					"name" : "input_vector[54]",
					"strict" : false
				},
				{
					"name" : "input_vector[49]",
					"strict" : false
				},
				{
					"name" : "input_vector[17]",
					"strict" : false
				},
				{
					"name" : "input_vector[18]",
					"strict" : false
				},
				{
					"name" : "input_vector[50]",
					"strict" : false
				},
				{
					"name" : "input_vector[51]",
					"strict" : false
				},
				{
					"name" : "input_vector[19]",
					"strict" : false
				},
				{
					"name" : "input_vector[20]",
					"strict" : false
				},
				{
					"name" : "input_vector[52]",
					"strict" : false
				},
				{
					"name" : "input_vector[15]",
					"strict" : false
				},
				{
					"name" : "input_vector[47]",
					"strict" : false
				},
				{
					"name" : "input_vector[16]",
					"strict" : false
				},
				{
					"name" : "input_vector[48]",
					"strict" : false
				},
				{
					"name" : "input_vector[13]",
					"strict" : false
				},
				{
					"name" : "input_vector[45]",
					"strict" : false
				},
				{
					"name" : "input_vector[14]",
					"strict" : false
				},
				{
					"name" : "input_vector[46]",
					"strict" : false
				},
				{
					"name" : "input_vector[41]",
					"strict" : false
				},
				{
					"name" : "input_vector[9]",
					"strict" : false
				},
				{
					"name" : "input_vector[10]",
					"strict" : false
				},
				{
					"name" : "input_vector[42]",
					"strict" : false
				},
				{
					"name" : "input_vector[43]",
					"strict" : false
				},
				{
					"name" : "input_vector[11]",
					"strict" : false
				},
				{
					"name" : "input_vector[12]",
					"strict" : false
				},
				{
					"name" : "input_vector[44]",
					"strict" : false
				},
				{
					"name" : "input_vector[39]",
					"strict" : false
				},
				{
					"name" : "input_vector[7]",
					"strict" : false
				},
				{
					"name" : "input_vector[37]",
					"strict" : false
				},
				{
					"name" : "input_vector[5]",
					"strict" : false
				},
				{
					"name" : "input_vector[6]",
					"strict" : false
				},
				{
					"name" : "input_vector[38]",
					"strict" : false
				},
				{
					"name" : "input_vector[8]",
					"strict" : false
				},
				{
					"name" : "input_vector[40]",
					"strict" : false
				},
				{
					"name" : "input_vector[35]",
					"strict" : false
				},
				{
					"name" : "input_vector[3]",
					"strict" : false
				},
				{
					"name" : "input_vector[4]",
					"strict" : false
				},
				{
					"name" : "input_vector[36]",
					"strict" : false
				},
				{
					"name" : "input_vector[1]",
					"strict" : false
				},
				{
					"name" : "input_vector[33]",
					"strict" : false
				},
				{
					"name" : "input_vector[0]",
					"strict" : false
				},
				{
					"name" : "input_vector[2]",
					"strict" : false
				},
				{
					"name" : "input_vector[34]",
					"strict" : false
				}
			]
		}
	]
}